{
    "predict_bleu-4": 70.66814725274725,
    "predict_model_preparation_time": 0.0039,
    "predict_rouge-1": 82.09920000000001,
    "predict_rouge-2": 68.50964065934066,
    "predict_rouge-l": 77.91442087912088,
    "predict_runtime": 56.2628,
    "predict_samples_per_second": 1.617,
    "predict_steps_per_second": 0.818
}